{
  "hash": "13ab6164",
  "configHash": "2fb43f85",
  "lockfileHash": "88d3da0a",
  "browserHash": "ba1f87c5",
  "optimized": {
    "@abacritt/angularx-social-login": {
      "src": "../../../../../node_modules/@abacritt/angularx-social-login/fesm2022/abacritt-angularx-social-login.mjs",
      "file": "@abacritt_angularx-social-login.js",
      "fileHash": "9a99f37b",
      "needsInterop": false
    },
    "@angular/common": {
      "src": "../../../../../node_modules/@angular/common/fesm2022/common.mjs",
      "file": "@angular_common.js",
      "fileHash": "2e91d2b7",
      "needsInterop": false
    },
    "@angular/common/http": {
      "src": "../../../../../node_modules/@angular/common/fesm2022/http.mjs",
      "file": "@angular_common_http.js",
      "fileHash": "cb2b79e8",
      "needsInterop": false
    },
    "@angular/core": {
      "src": "../../../../../node_modules/@angular/core/fesm2022/core.mjs",
      "file": "@angular_core.js",
      "fileHash": "2b9b6f26",
      "needsInterop": false
    },
    "@angular/forms": {
      "src": "../../../../../node_modules/@angular/forms/fesm2022/forms.mjs",
      "file": "@angular_forms.js",
      "fileHash": "4c92024e",
      "needsInterop": false
    },
    "@angular/platform-browser": {
      "src": "../../../../../node_modules/@angular/platform-browser/fesm2022/platform-browser.mjs",
      "file": "@angular_platform-browser.js",
      "fileHash": "feafce0b",
      "needsInterop": false
    },
    "@angular/router": {
      "src": "../../../../../node_modules/@angular/router/fesm2022/router.mjs",
      "file": "@angular_router.js",
      "fileHash": "af5be967",
      "needsInterop": false
    },
    "jwt-decode": {
      "src": "../../../../../node_modules/jwt-decode/build/esm/index.js",
      "file": "jwt-decode.js",
      "fileHash": "50a0bc67",
      "needsInterop": false
    },
    "ng-apexcharts": {
      "src": "../../../../../node_modules/ng-apexcharts/fesm2022/ng-apexcharts.mjs",
      "file": "ng-apexcharts.js",
      "fileHash": "8b775aac",
      "needsInterop": false
    },
    "rxjs": {
      "src": "../../../../../node_modules/rxjs/dist/esm5/index.js",
      "file": "rxjs.js",
      "fileHash": "01cd3eb4",
      "needsInterop": false
    }
  },
  "chunks": {
    "chunk-SONXJKAS": {
      "file": "chunk-SONXJKAS.js"
    },
    "chunk-65I3QGYN": {
      "file": "chunk-65I3QGYN.js"
    },
    "chunk-LMFKUWCP": {
      "file": "chunk-LMFKUWCP.js"
    },
    "chunk-2IQM55QZ": {
      "file": "chunk-2IQM55QZ.js"
    },
    "chunk-WEUX34ES": {
      "file": "chunk-WEUX34ES.js"
    },
    "chunk-TXDUYLVM": {
      "file": "chunk-TXDUYLVM.js"
    }
  }
}